"https://img01.vgtime.com/game/web/150424205208634.jpg?x-oss-process=image/resize,w_300",https://www.vgtime.com/game/89.jhtml
"https://img01.vgtime.com/game/cover/2020/05/19/200519231419646_u59.jpg?x-oss-process=image/resize,w_300",https://www.vgtime.com/game/11802.jhtml
"https://img01.vgtime.com/game/cover/2020/05/04/200504235341554_u2505.jpg?x-oss-process=image/resize,w_300",https://www.vgtime.com/game/11580.jhtml
"https://img01.vgtime.com/game/cover/2019/11/26/191126121813821_u59.jpg?x-oss-process=image/resize,w_300",https://www.vgtime.com/game/11454.jhtml
"https://img01.vgtime.com/game/cover/2019/12/26/191226120124951_u59.jpg?x-oss-process=image/resize,w_300",https://www.vgtime.com/game/11704.jhtml
"https://img01.vgtime.com/game/cover/2018/12/25/181225161231611.jpg?x-oss-process=image/resize,w_300",https://www.vgtime.com/game/11128.jhtml
"https://img01.vgtime.com/game/web/150430110640559.jpg?x-oss-process=image/resize,w_300",https://www.vgtime.com/game/675.jhtml
"https://img01.vgtime.com/game/cover/2021/03/23/210323160106787_u77470.jpg?x-oss-process=image/resize,w_300",https://www.vgtime.com/game/12342.jhtml
"https://img01.vgtime.com/game/cover/2018/06/12/180612022919970.jpg?x-oss-process=image/resize,w_300",https://www.vgtime.com/game/10770.jhtml
"https://img01.vgtime.com/game/cover/2017/06/13/170613154439138.png?x-oss-process=image/resize,w_300",https://www.vgtime.com/game/10402.jhtml
"https://img01.vgtime.com/game/web/161009130612410.jpg?x-oss-process=image/resize,w_300",https://www.vgtime.com/game/4431.jhtml
"https://img01.vgtime.com/game/web/160216105452314.jpg?x-oss-process=image/resize,w_300",https://www.vgtime.com/game/3549.jhtml
"https://img01.vgtime.com/game/web/150617091054175.jpg?x-oss-process=image/resize,w_300",https://www.vgtime.com/game/2220.jhtml
"https://img01.vgtime.com/game/web/150615152704921.jpg?x-oss-process=image/resize,w_300",https://www.vgtime.com/game/2200.jhtml
"https://img01.vgtime.com/game/web/150504164706900.jpg?x-oss-process=image/resize,w_300",https://www.vgtime.com/game/339.jhtml
"https://img01.vgtime.com/game/web/150424143613869.jpg?x-oss-process=image/resize,w_300",https://www.vgtime.com/game/307.jhtml
"https://img01.vgtime.com/game/web/15092914331143.jpg?x-oss-process=image/resize,w_300",https://www.vgtime.com/game/462.jhtml
"https://img01.vgtime.com/game/web/150430141807262.jpg?x-oss-process=image/resize,w_300",https://www.vgtime.com/game/654.jhtml
"https://img01.vgtime.com/game/web/150424190927912.jpg?x-oss-process=image/resize,w_300",https://www.vgtime.com/game/370.jhtml
"https://img01.vgtime.com/game/web/150505104540572.jpg?x-oss-process=image/resize,w_300",https://www.vgtime.com/game/1355.jhtml
"https://img01.vgtime.com/game/web/150429222205395.jpg?x-oss-process=image/resize,w_300",https://www.vgtime.com/game/159.jhtml
"https://img01.vgtime.com/game/web/150429191709185.jpg?x-oss-process=image/resize,w_300",https://www.vgtime.com/game/1639.jhtml
"https://img01.vgtime.com/game/web/150917154918595.jpg?x-oss-process=image/resize,w_300",https://www.vgtime.com/game/2985.jhtml
"https://img01.vgtime.com/game/web/150513162856374.jpg?x-oss-process=image/resize,w_300",https://www.vgtime.com/game/56.jhtml
"https://img01.vgtime.com/game/cover/2020/10/18/201018112604419_u73678.jpg?x-oss-process=image/resize,w_300",https://www.vgtime.com/game/12047.jhtml
"https://img01.vgtime.com/game/web/161009114620433.jpg?x-oss-process=image/resize,w_300",https://www.vgtime.com/game/4395.jhtml
"https://img01.vgtime.com/game/cover/2020/05/19/200519231908564_u59.jpg?x-oss-process=image/resize,w_300",https://www.vgtime.com/game/11803.jhtml
