"https://img01.vgtime.com/game/cover/2020/08/21/200821155648161_u77470.jpg?x-oss-process=image/resize,w_300",https://www.vgtime.com/game/10518.jhtml
"https://img01.vgtime.com/game/web/150817151608647.jpg?x-oss-process=image/resize,w_300",https://www.vgtime.com/game/2696.jhtml
"https://img01.vgtime.com/game/cover/2021/04/01/210401173322173_u7414.jpg?x-oss-process=image/resize,w_300",https://www.vgtime.com/game/12795.jhtml
"https://img01.vgtime.com/game/cover/2021/08/03/210803174255680_u7414.jpg?x-oss-process=image/resize,w_300",https://www.vgtime.com/game/13394.jhtml
"https://img01.vgtime.com/game/cover/2020/12/09/201209145008237_u77470.jpg?x-oss-process=image/resize,w_300",https://www.vgtime.com/game/12196.jhtml
"https://img01.vgtime.com/game/cover/2021/04/01/210401171810880_u7414.jpg?x-oss-process=image/resize,w_300",https://www.vgtime.com/game/12793.jhtml
"https://img01.vgtime.com/game/cover/2020/12/09/201209150813687_u77470.jpg?x-oss-process=image/resize,w_300",https://www.vgtime.com/game/12198.jhtml
"https://img01.vgtime.com/game/cover/2021/02/28/210228172016574_u7414.jpg?x-oss-process=image/resize,w_300",https://www.vgtime.com/game/12594.jhtml
"https://img01.vgtime.com/game/cover/2021/06/03/210603121912285_u7414.jpg?x-oss-process=image/resize,w_300",https://www.vgtime.com/game/13169.jhtml
"https://img01.vgtime.com/game/web/150807132240276.jpg?x-oss-process=image/resize,w_300",https://www.vgtime.com/game/2666.jhtml
"https://img01.vgtime.com/game/web/16051116075574.jpg?x-oss-process=image/resize,w_300",https://www.vgtime.com/game/3998.jhtml
"https://img01.vgtime.com/game/web/160428144936812.jpg?x-oss-process=image/resize,w_300",https://www.vgtime.com/game/3811.jhtml
"https://img01.vgtime.com/game/web/150723183922464.png?x-oss-process=image/resize,w_300",https://www.vgtime.com/game/2451.jhtml
"https://img01.vgtime.com/game/web/150723175802148.jpg?x-oss-process=image/resize,w_300",https://www.vgtime.com/game/2448.jhtml
"https://img01.vgtime.com/game/web/15112617093884.jpg?x-oss-process=image/resize,w_300",https://www.vgtime.com/game/3416.jhtml
"https://img01.vgtime.com/game/web/151126150810596.jpg?x-oss-process=image/resize,w_300",https://www.vgtime.com/game/3407.jhtml
"https://img01.vgtime.com/game/web/151103153630495.jpg?x-oss-process=image/resize,w_300",https://www.vgtime.com/game/890.jhtml
"https://img01.vgtime.com/game/web/151029183355467.jpg?x-oss-process=image/resize,w_300",https://www.vgtime.com/game/718.jhtml
"https://img01.vgtime.com/game/web/151116122401736.jpg?x-oss-process=image/resize,w_300",https://www.vgtime.com/game/3321.jhtml
"https://img01.vgtime.com/game/cover/2020/01/25/200125193831395_u292926.jpg?x-oss-process=image/resize,w_300",https://www.vgtime.com/game/11714.jhtml
"https://img01.vgtime.com/game/web/150429213133334.jpg?x-oss-process=image/resize,w_300",https://www.vgtime.com/game/1114.jhtml
"https://img01.vgtime.com/game/cover/2020/05/08/200508141609552_u162815.jpg?x-oss-process=image/resize,w_300",https://www.vgtime.com/game/11790.jhtml
"https://img01.vgtime.com/game/cover/2019/01/16/190116150748200.jpg?x-oss-process=image/resize,w_300",https://www.vgtime.com/game/11164.jhtml
"https://img01.vgtime.com/game/web/160623102032812.jpg?x-oss-process=image/resize,w_300",https://www.vgtime.com/game/4321.jhtml
"https://img01.vgtime.com/game/web/150709105505231.jpg?x-oss-process=image/resize,w_300",https://www.vgtime.com/game/2223.jhtml
"https://img01.vgtime.com/game/web/150429214832255.jpg?x-oss-process=image/resize,w_300",https://www.vgtime.com/game/86.jhtml
"https://img01.vgtime.com/game/web/151130160355275.jpg?x-oss-process=image/resize,w_300",https://www.vgtime.com/game/3447.jhtml
"https://img01.vgtime.com/game/web/150429214625750.jpg?x-oss-process=image/resize,w_300",https://www.vgtime.com/game/81.jhtml
"https://img01.vgtime.com/game/web/15091616595682.jpg?x-oss-process=image/resize,w_300",https://www.vgtime.com/game/2955.jhtml
"https://img01.vgtime.com/game/web/151016181835846.jpg?x-oss-process=image/resize,w_300",https://www.vgtime.com/game/1249.jhtml
"https://img01.vgtime.com/game/cover/2020/07/22/200722223349543_u524.png?x-oss-process=image/resize,w_300",https://www.vgtime.com/game/10763.jhtml
"https://img01.vgtime.com/game/cover/2019/03/12/190312174040721.jpg?x-oss-process=image/resize,w_300",https://www.vgtime.com/game/11279.jhtml
"https://img01.vgtime.com/game/cover/2017/04/26/170426121820623.jpg?x-oss-process=image/resize,w_300",https://www.vgtime.com/game/10184.jhtml
"https://img01.vgtime.com/game/web/150720162101974.jpg?x-oss-process=image/resize,w_300",https://www.vgtime.com/game/2240.jhtml
"https://img01.vgtime.com/game/web/150716103116507.jpg?x-oss-process=image/resize,w_300",https://www.vgtime.com/game/157.jhtml
"https://img01.vgtime.com/game/web/150713174355377.jpg?x-oss-process=image/resize,w_300",https://www.vgtime.com/game/2298.jhtml
"https://img01.vgtime.com/game/web/150430194142988.jpg?x-oss-process=image/resize,w_300",https://www.vgtime.com/game/1144.jhtml
"https://img01.vgtime.com/game/web/150916165254363.jpg?x-oss-process=image/resize,w_300",https://www.vgtime.com/game/2954.jhtml
"https://img01.vgtime.com/game/web/15052612332756.jpg?x-oss-process=image/resize,w_300",https://www.vgtime.com/game/2146.jhtml
"https://img01.vgtime.com/game/web/150916105330469.jpg?x-oss-process=image/resize,w_300",https://www.vgtime.com/game/2737.jhtml
"https://img01.vgtime.com/game/web/15101216393953.jpg?x-oss-process=image/resize,w_300",https://www.vgtime.com/game/883.jhtml
"https://img01.vgtime.com/game/web/150421225146607.jpg?x-oss-process=image/resize,w_300",https://www.vgtime.com/game/1782.jhtml
"https://img01.vgtime.com/game/web/150923112622839.jpg?x-oss-process=image/resize,w_300",https://www.vgtime.com/game/1760.jhtml
"https://img01.vgtime.com/game/web/151014155614917.jpg?x-oss-process=image/resize,w_300",https://www.vgtime.com/game/3079.jhtml
"https://img01.vgtime.com/game/web/150921152755119.jpg?x-oss-process=image/resize,w_300",https://www.vgtime.com/game/1977.jhtml
