"https://img01.vgtime.com/game/web/150423233036903.jpg?x-oss-process=image/resize,w_300",https://www.vgtime.com/game/1038.jhtml
"https://img01.vgtime.com/game/cover/2018/12/14/18121412305347.jpg?x-oss-process=image/resize,w_300",https://www.vgtime.com/game/11010.jhtml
"https://img01.vgtime.com/game/web/150922140337608.jpg?x-oss-process=image/resize,w_300",https://www.vgtime.com/game/1891.jhtml
"https://img01.vgtime.com/game/web/150922141512927.jpg?x-oss-process=image/resize,w_300",https://www.vgtime.com/game/1890.jhtml
"https://img01.vgtime.com/game/web/15092214205630.jpg?x-oss-process=image/resize,w_300",https://www.vgtime.com/game/1889.jhtml
"https://img01.vgtime.com/game/cover/2018/07/06/180706145937408.jpg?x-oss-process=image/resize,w_300",https://www.vgtime.com/game/10813.jhtml
"https://img01.vgtime.com/game/web/151019143836978.jpeg?x-oss-process=image/resize,w_300",https://www.vgtime.com/game/1275.jhtml
"https://img01.vgtime.com/game/web/151012161925982.jpg?x-oss-process=image/resize,w_300",https://www.vgtime.com/game/879.jhtml
"https://img01.vgtime.com/game/cover/2021/01/30/210130174403852_u7414.jpg?x-oss-process=image/resize,w_300",https://www.vgtime.com/game/12403.jhtml
"https://img01.vgtime.com/game/web/15073011542140.png?x-oss-process=image/resize,w_300",https://www.vgtime.com/game/2542.jhtml
"https://img01.vgtime.com/game/web/150731110313277.jpg?x-oss-process=image/resize,w_300",https://www.vgtime.com/game/2559.jhtml
"https://img01.vgtime.com/game/web/150429233628885.png?x-oss-process=image/resize,w_300",https://www.vgtime.com/game/748.jhtml
"https://img01.vgtime.com/game/web/150925161604555.jpg?x-oss-process=image/resize,w_300",https://www.vgtime.com/game/49.jhtml
"https://img01.vgtime.com/game/web/160530181023345.jpg?x-oss-process=image/resize,w_300",https://www.vgtime.com/game/4233.jhtml
"https://img01.vgtime.com/game/cover/2021/04/15/210415200632755_u7414.jpg?x-oss-process=image/resize,w_300",https://www.vgtime.com/game/12889.jhtml
"https://img01.vgtime.com/game/cover/2021/04/30/210430123336895_u7414.jpg?x-oss-process=image/resize,w_300",https://www.vgtime.com/game/12989.jhtml
"https://img01.vgtime.com/game/cover/2019/09/24/19092417354841_u292926.jpg?x-oss-process=image/resize,w_300",https://www.vgtime.com/game/11603.jhtml
"https://img01.vgtime.com/game/web/150730113123698.png?x-oss-process=image/resize,w_300",https://www.vgtime.com/game/2541.jhtml
"https://img01.vgtime.com/game/web/150425182134164.jpg?x-oss-process=image/resize,w_300",https://www.vgtime.com/game/636.jhtml
"https://img01.vgtime.com/game/web/160822121353152.jpg?x-oss-process=image/resize,w_300",https://www.vgtime.com/game/4380.jhtml
"https://img01.vgtime.com/game/cover/2020/12/19/201219134256166_u77470.jpg?x-oss-process=image/resize,w_300",https://www.vgtime.com/game/12232.jhtml
"https://img01.vgtime.com/game/web/15042420104072.jpg?x-oss-process=image/resize,w_300",https://www.vgtime.com/game/1039.jhtml
"https://img01.vgtime.com/game/cover/2021/04/02/210402203002215_u7414.jpg?x-oss-process=image/resize,w_300",https://www.vgtime.com/game/12799.jhtml
"https://img01.vgtime.com/game/web/150427230604161.jpg?x-oss-process=image/resize,w_300",https://www.vgtime.com/game/1921.jhtml
"https://img01.vgtime.com/game/cover/2020/10/19/201019194749449_u77470.jpg?x-oss-process=image/resize,w_300",https://www.vgtime.com/game/12037.jhtml
"https://img01.vgtime.com/game/cover/2020/10/19/201019195639324_u77470.jpg?x-oss-process=image/resize,w_300",https://www.vgtime.com/game/12051.jhtml
