"https://img01.vgtime.com/game/cover/2021/06/02/210602121924589_u7414.jpg?x-oss-process=image/resize,w_300",https://www.vgtime.com/game/13163.jhtml
"https://img01.vgtime.com/game/web/150922154806224.jpg?x-oss-process=image/resize,w_300",https://www.vgtime.com/game/1874.jhtml
"https://img01.vgtime.com/game/web/150421221512266.jpg?x-oss-process=image/resize,w_300",https://www.vgtime.com/game/11.jhtml
"https://img01.vgtime.com/game/cover/2021/03/13/210313161542266_u7414.jpg?x-oss-process=image/resize,w_300",https://www.vgtime.com/game/12673.jhtml
"https://img01.vgtime.com/game/cover/2021/05/02/210502112434183_u7414.jpg?x-oss-process=image/resize,w_300",https://www.vgtime.com/game/12996.jhtml
"https://img01.vgtime.com/game/cover/2018/04/07/180407163123330.jpg?x-oss-process=image/resize,w_300",https://www.vgtime.com/game/10684.jhtml
"https://img01.vgtime.com/game/cover/2017/11/28/171128131320676.jpg?x-oss-process=image/resize,w_300",https://www.vgtime.com/game/10101.jhtml
"https://img01.vgtime.com/game/web/15042217473139.jpg?x-oss-process=image/resize,w_300",https://www.vgtime.com/game/403.jhtml
"https://img01.vgtime.com/game/web/150428202423179.jpg?x-oss-process=image/resize,w_300",https://www.vgtime.com/game/909.jhtml
"https://img01.vgtime.com/game/web/150427180923161.jpg?x-oss-process=image/resize,w_300",https://www.vgtime.com/game/1393.jhtml
"https://img01.vgtime.com/game/web/150910162146707.jpg?x-oss-process=image/resize,w_300",https://www.vgtime.com/game/2826.jhtml
"https://img01.vgtime.com/game/web/150728111825599.png?x-oss-process=image/resize,w_300",https://www.vgtime.com/game/2491.jhtml
"https://img01.vgtime.com/game/cover/2021/02/10/210210143002799_u77470.jpg?x-oss-process=image/resize,w_300",https://www.vgtime.com/game/12465.jhtml
